t[years],x[Hares],y[lynx]
1899.9614140000001,29.839085000000001,3.9406729999999999
1900.9276299999999,46.523364999999998,5.9863309999999998
1901.910828,69.588023000000007,9.7210149999999995
1902.8829470000001,76.325811999999999,35.225378999999997
1903.945434,35.769678999999996,58.665376999999999
1904.9103689999999,19.612161,41.568730000000002
1905.950139,17.340637000000001,19.029664
1906.9240380000001,21.075710999999998,12.630186999999999
1907.9205999999999,21.620011000000002,8.4827460000000006
1908.9156029999999,24.791687,9.2147159999999992
1909.911051,27.212683999999999,7.3200909999999997
1910.900263,40.143180999999998,7.6767219999999998
1911.866702,56.452122000000003,12.349754000000001
1912.831248,75.951447000000002,19.274823000000001
1913.8219630000001,51.348404000000002,45.154916
1914.8796609999999,18.862067,50.765906999999999
1915.8191509999999,10.587063000000001,29.165189000000002
1916.8598119999999,6.8141819999999997,15.821935
1917.852476,13.926920000000001,9.4224589999999999
1918.848481,15.409568999999999,9.5921990000000008
1919.8192630000001,24.399393,8.0717440000000007


,,
,,
,,
,,
,,
,,
,,
,,
,,
,,
,,
,,
,,
,,
,,
,,
,,
,,
,,
,,
,
